Title,Company,Location,Easy Apply
Jobs,,,No
Date posted,,,No
Experience level,,,No
Employment type,,,No
Company,,,No
Jobs,,,No
Date posted,,,No
Experience level,,,No
Employment type,,,No
Company,,,No
Greater Bengaluru Area,,,No
How promoted jobs are ranked,,,No
Java Developer  (Verified job),Java Developer,"Enterprise Minds, Inc",Yes
Java Developer (Verified job),Java Developer,Zensar Technologies,No
Java Developer (Verified job),Java Developer,Synechron,No
Back End Developer (Verified job),Back End Developer,ACL Digital,Yes
Java Engineer,Java Engineer,Shuru,No
Software Engineer II (Verified job),Software Engineer II,Philips,No
Junior Java Developer,Junior Java Developer,Miratech,Yes
